Category,ID,Latitude,Longitude,Date,MODIS_Tile,MOD13Q1_061_Line_Y_250m,MOD13Q1_061_Sample_X_250m,MOD13Q1_061__250m_16_days_NDVI,MOD13Q1_061__250m_16_days_VI_Quality,MOD13Q1_061__250m_16_days_VI_Quality_bitmask,MOD13Q1_061__250m_16_days_VI_Quality_MODLAND,MOD13Q1_061__250m_16_days_VI_Quality_MODLAND_Description,MOD13Q1_061__250m_16_days_VI_Quality_VI_Usefulness,MOD13Q1_061__250m_16_days_VI_Quality_VI_Usefulness_Description,MOD13Q1_061__250m_16_days_VI_Quality_Aerosol_Quantity,MOD13Q1_061__250m_16_days_VI_Quality_Aerosol_Quantity_Description,MOD13Q1_061__250m_16_days_VI_Quality_Adjacent_cloud_detected,MOD13Q1_061__250m_16_days_VI_Quality_Adjacent_cloud_detected_Description,MOD13Q1_061__250m_16_days_VI_Quality_Atmosphere_BRDF_Correction,MOD13Q1_061__250m_16_days_VI_Quality_Atmosphere_BRDF_Correction_Description,MOD13Q1_061__250m_16_days_VI_Quality_Mixed_Clouds,MOD13Q1_061__250m_16_days_VI_Quality_Mixed_Clouds_Description,MOD13Q1_061__250m_16_days_VI_Quality_Land/Water_Mask,MOD13Q1_061__250m_16_days_VI_Quality_Land/Water_Mask_Description,MOD13Q1_061__250m_16_days_VI_Quality_Possible_snow/ice,MOD13Q1_061__250m_16_days_VI_Quality_Possible_snow/ice_Description,MOD13Q1_061__250m_16_days_VI_Quality_Possible_shadow,MOD13Q1_061__250m_16_days_VI_Quality_Possible_shadow_Description
Lavoura,MTAgro,-12.5564,-55.7224,2020-12-18,h12v10,1227.0,2692.0,0.3216,2445.0,0b0000100110001101,0b01,"VI produced, but check other QA",0b0011,Decreasing quality,0b10,Average,0b1,Yes,0b0,No,0b0,No,0b001,Land (Nothing else but land),0b0,No,0b0,No
Lavoura,MTAgro,-12.5564,-55.7224,2021-01-01,h12v10,1227.0,2692.0,0.3437,2062.0,0b0000100000001110,0b10,"Pixel produced, but most probably cloudy",0b0011,Decreasing quality,0b00,Climatology,0b0,No,0b0,No,0b0,No,0b001,Land (Nothing else but land),0b0,No,0b0,No
Lavoura,MTAgro,-12.5564,-55.7224,2021-01-17,h12v10,1227.0,2692.0,0.4257,2185.0,0b0000100010001001,0b01,"VI produced, but check other QA",0b0010,Decreasing quality,0b10,Average,0b0,No,0b0,No,0b0,No,0b001,Land (Nothing else but land),0b0,No,0b0,No
Lavoura,MTAgro,-12.5564,-55.7224,2021-02-02,h12v10,1227.0,2692.0,0.3649,34961.0,0b1000100010010001,0b01,"VI produced, but check other QA",0b0100,Decreasing quality,0b10,Average,0b0,No,0b0,No,0b0,No,0b001,Land (Nothing else but land),0b0,No,0b1,Yes
Lavoura,MTAgro,-12.5564,-55.7224,2021-02-18,h12v10,1227.0,2692.0,0.3816,35298.0,0b1000100111100010,0b10,"Pixel produced, but most probably cloudy",0b1000,Decreasing quality,0b11,High,0b1,Yes,0b0,No,0b0,No,0b001,Land (Nothing else but land),0b0,No,0b1,Yes
Lavoura,MTAgro,-12.5564,-55.7224,2021-03-06,h12v10,1227.0,2692.0,0.2942,2062.0,0b0000100000001110,0b10,"Pixel produced, but most probably cloudy",0b0011,Decreasing quality,0b00,Climatology,0b0,No,0b0,No,0b0,No,0b001,Land (Nothing else but land),0b0,No,0b0,No
Lavoura,MTAgro,-12.5564,-55.7224,2021-03-22,h12v10,1227.0,2692.0,0.4156,36262.0,0b1000110110100110,0b10,"Pixel produced, but most probably cloudy",0b1001,Decreasing quality,0b10,Average,0b1,Yes,0b0,No,0b1,Yes,0b001,Land (Nothing else but land),0b0,No,0b1,Yes
Lavoura,MTAgro,-12.5564,-55.7224,2021-04-07,h12v10,1227.0,2692.0,0.4038,2185.0,0b0000100010001001,0b01,"VI produced, but check other QA",0b0010,Decreasing quality,0b10,Average,0b0,No,0b0,No,0b0,No,0b001,Land (Nothing else but land),0b0,No,0b0,No
Lavoura,MTAgro,-12.5564,-55.7224,2021-04-23,h12v10,1227.0,2692.0,0.3802,2185.0,0b0000100010001001,0b01,"VI produced, but check other QA",0b0010,Decreasing quality,0b10,Average,0b0,No,0b0,No,0b0,No,0b001,Land (Nothing else but land),0b0,No,0b0,No
Lavoura,MTAgro,-12.5564,-55.7224,2021-05-09,h12v10,1227.0,2692.0,0.3149,2185.0,0b0000100010001001,0b01,"VI produced, but check other QA",0b0010,Decreasing quality,0b10,Average,0b0,No,0b0,No,0b0,No,0b001,Land (Nothing else but land),0b0,No,0b0,No
Lavoura,MTAgro,-12.5564,-55.7224,2021-05-25,h12v10,1227.0,2692.0,0.2673,2185.0,0b0000100010001001,0b01,"VI produced, but check other QA",0b0010,Decreasing quality,0b10,Average,0b0,No,0b0,No,0b0,No,0b001,Land (Nothing else but land),0b0,No,0b0,No
Lavoura,MTAgro,-12.5564,-55.7224,2021-06-10,h12v10,1227.0,2692.0,0.2296,2116.0,0b0000100001000100,0b00,VI produced with good quality,0b0001,Lower quality,0b01,Low,0b0,No,0b0,No,0b0,No,0b001,Land (Nothing else but land),0b0,No,0b0,No
Lavoura,MTAgro,-12.5564,-55.7224,2021-06-26,h12v10,1227.0,2692.0,0.2243,2116.0,0b0000100001000100,0b00,VI produced with good quality,0b0001,Lower quality,0b01,Low,0b0,No,0b0,No,0b0,No,0b001,Land (Nothing else but land),0b0,No,0b0,No
Lavoura,MTAgro,-12.5564,-55.7224,2021-07-12,h12v10,1227.0,2692.0,0.2107,2116.0,0b0000100001000100,0b00,VI produced with good quality,0b0001,Lower quality,0b01,Low,0b0,No,0b0,No,0b0,No,0b001,Land (Nothing else but land),0b0,No,0b0,No
Lavoura,MTAgro,-12.5564,-55.7224,2021-07-28,h12v10,1227.0,2692.0,0.186,2116.0,0b0000100001000100,0b00,VI produced with good quality,0b0001,Lower quality,0b01,Low,0b0,No,0b0,No,0b0,No,0b001,Land (Nothing else but land),0b0,No,0b0,No
Lavoura,MTAgro,-12.5564,-55.7224,2021-08-13,h12v10,1227.0,2692.0,0.2476,2185.0,0b0000100010001001,0b01,"VI produced, but check other QA",0b0010,Decreasing quality,0b10,Average,0b0,No,0b0,No,0b0,No,0b001,Land (Nothing else but land),0b0,No,0b0,No
Lavoura,MTAgro,-12.5564,-55.7224,2021-08-29,h12v10,1227.0,2692.0,0.1991,2185.0,0b0000100010001001,0b01,"VI produced, but check other QA",0b0010,Decreasing quality,0b10,Average,0b0,No,0b0,No,0b0,No,0b001,Land (Nothing else but land),0b0,No,0b0,No
Lavoura,MTAgro,-12.5564,-55.7224,2021-09-14,h12v10,1227.0,2692.0,0.2275,2185.0,0b0000100010001001,0b01,"VI produced, but check other QA",0b0010,Decreasing quality,0b10,Average,0b0,No,0b0,No,0b0,No,0b001,Land (Nothing else but land),0b0,No,0b0,No
Lavoura,MTAgro,-12.5564,-55.7224,2021-09-30,h12v10,1227.0,2692.0,0.264,2185.0,0b0000100010001001,0b01,"VI produced, but check other QA",0b0010,Decreasing quality,0b10,Average,0b0,No,0b0,No,0b0,No,0b001,Land (Nothing else but land),0b0,No,0b0,No
Lavoura,MTAgro,-12.5564,-55.7224,2021-10-16,h12v10,1227.0,2692.0,0.2509,2185.0,0b0000100010001001,0b01,"VI produced, but check other QA",0b0010,Decreasing quality,0b10,Average,0b0,No,0b0,No,0b0,No,0b001,Land (Nothing else but land),0b0,No,0b0,No
Lavoura,MTAgro,-12.5564,-55.7224,2021-11-01,h12v10,1227.0,2692.0,0.2427,2066.0,0b0000100000010010,0b10,"Pixel produced, but most probably cloudy",0b0100,Decreasing quality,0b00,Climatology,0b0,No,0b0,No,0b0,No,0b001,Land (Nothing else but land),0b0,No,0b0,No
Lavoura,MTAgro,-12.5564,-55.7224,2021-11-17,h12v10,1227.0,2692.0,0.3151,2066.0,0b0000100000010010,0b10,"Pixel produced, but most probably cloudy",0b0100,Decreasing quality,0b00,Climatology,0b0,No,0b0,No,0b0,No,0b001,Land (Nothing else but land),0b0,No,0b0,No
Lavoura,MTAgro,-12.5564,-55.7224,2021-12-03,h12v10,1227.0,2692.0,0.2521,2062.0,0b0000100000001110,0b10,"Pixel produced, but most probably cloudy",0b0011,Decreasing quality,0b00,Climatology,0b0,No,0b0,No,0b0,No,0b001,Land (Nothing else but land),0b0,No,0b0,No
Lavoura,MTAgro,-12.5564,-55.7224,2021-12-19,h12v10,1227.0,2692.0,0.7306,36330.0,0b1000110111101010,0b10,"Pixel produced, but most probably cloudy",0b1010,Decreasing quality,0b11,High,0b1,Yes,0b0,No,0b1,Yes,0b001,Land (Nothing else but land),0b0,No,0b1,Yes
Lavoura,MTAgro,-12.5564,-55.7224,2022-01-01,h12v10,1227.0,2692.0,0.3489,2189.0,0b0000100010001101,0b01,"VI produced, but check other QA",0b0011,Decreasing quality,0b10,Average,0b0,No,0b0,No,0b0,No,0b001,Land (Nothing else but land),0b0,No,0b0,No
Lavoura,MTAgro,-12.5564,-55.7224,2022-01-17,h12v10,1227.0,2692.0,0.3264,2185.0,0b0000100010001001,0b01,"VI produced, but check other QA",0b0010,Decreasing quality,0b10,Average,0b0,No,0b0,No,0b0,No,0b001,Land (Nothing else but land),0b0,No,0b0,No
Lavoura,MTAgro,-12.5564,-55.7224,2022-02-02,h12v10,1227.0,2692.0,0.3871,3558.0,0b0000110111100110,0b10,"Pixel produced, but most probably cloudy",0b1001,Decreasing quality,0b11,High,0b1,Yes,0b0,No,0b1,Yes,0b001,Land (Nothing else but land),0b0,No,0b0,No
Lavoura,MTAgro,-12.5564,-55.7224,2022-02-18,h12v10,1227.0,2692.0,0.3673,2189.0,0b0000100010001101,0b01,"VI produced, but check other QA",0b0011,Decreasing quality,0b10,Average,0b0,No,0b0,No,0b0,No,0b001,Land (Nothing else but land),0b0,No,0b0,No
Lavoura,MTAgro,-12.5564,-55.7224,2022-03-06,h12v10,1227.0,2692.0,0.342,3098.0,0b0000110000011010,0b10,"Pixel produced, but most probably cloudy",0b0110,Decreasing quality,0b00,Climatology,0b0,No,0b0,No,0b1,Yes,0b001,Land (Nothing else but land),0b0,No,0b0,No
Lavoura,MTAgro,-12.5564,-55.7224,2022-03-22,h12v10,1227.0,2692.0,0.3303,35293.0,0b1000100111011101,0b01,"VI produced, but check other QA",0b0111,Decreasing quality,0b11,High,0b1,Yes,0b0,No,0b0,No,0b001,Land (Nothing else but land),0b0,No,0b1,Yes
Lavoura,MTAgro,-12.5564,-55.7224,2022-04-07,h12v10,1227.0,2692.0,0.3398,2185.0,0b0000100010001001,0b01,"VI produced, but check other QA",0b0010,Decreasing quality,0b10,Average,0b0,No,0b0,No,0b0,No,0b001,Land (Nothing else but land),0b0,No,0b0,No
Lavoura,MTAgro,-12.5564,-55.7224,2022-04-23,h12v10,1227.0,2692.0,0.328,2185.0,0b0000100010001001,0b01,"VI produced, but check other QA",0b0010,Decreasing quality,0b10,Average,0b0,No,0b0,No,0b0,No,0b001,Land (Nothing else but land),0b0,No,0b0,No
Lavoura,MTAgro,-12.5564,-55.7224,2022-05-09,h12v10,1227.0,2692.0,0.2922,2116.0,0b0000100001000100,0b00,VI produced with good quality,0b0001,Lower quality,0b01,Low,0b0,No,0b0,No,0b0,No,0b001,Land (Nothing else but land),0b0,No,0b0,No
Lavoura,MTAgro,-12.5564,-55.7224,2022-05-25,h12v10,1227.0,2692.0,0.2702,2116.0,0b0000100001000100,0b00,VI produced with good quality,0b0001,Lower quality,0b01,Low,0b0,No,0b0,No,0b0,No,0b001,Land (Nothing else but land),0b0,No,0b0,No
Lavoura,MTAgro,-12.5564,-55.7224,2022-06-10,h12v10,1227.0,2692.0,0.2174,2116.0,0b0000100001000100,0b00,VI produced with good quality,0b0001,Lower quality,0b01,Low,0b0,No,0b0,No,0b0,No,0b001,Land (Nothing else but land),0b0,No,0b0,No
Lavoura,MTAgro,-12.5564,-55.7224,2022-06-26,h12v10,1227.0,2692.0,0.2205,2116.0,0b0000100001000100,0b00,VI produced with good quality,0b0001,Lower quality,0b01,Low,0b0,No,0b0,No,0b0,No,0b001,Land (Nothing else but land),0b0,No,0b0,No
Lavoura,MTAgro,-12.5564,-55.7224,2022-07-12,h12v10,1227.0,2692.0,0.2162,2116.0,0b0000100001000100,0b00,VI produced with good quality,0b0001,Lower quality,0b01,Low,0b0,No,0b0,No,0b0,No,0b001,Land (Nothing else but land),0b0,No,0b0,No
Lavoura,MTAgro,-12.5564,-55.7224,2022-07-28,h12v10,1227.0,2692.0,0.2107,2116.0,0b0000100001000100,0b00,VI produced with good quality,0b0001,Lower quality,0b01,Low,0b0,No,0b0,No,0b0,No,0b001,Land (Nothing else but land),0b0,No,0b0,No
Lavoura,MTAgro,-12.5564,-55.7224,2022-08-13,h12v10,1227.0,2692.0,0.2012,2185.0,0b0000100010001001,0b01,"VI produced, but check other QA",0b0010,Decreasing quality,0b10,Average,0b0,No,0b0,No,0b0,No,0b001,Land (Nothing else but land),0b0,No,0b0,No
Lavoura,MTAgro,-12.5564,-55.7224,2022-08-29,h12v10,1227.0,2692.0,0.1816,2185.0,0b0000100010001001,0b01,"VI produced, but check other QA",0b0010,Decreasing quality,0b10,Average,0b0,No,0b0,No,0b0,No,0b001,Land (Nothing else but land),0b0,No,0b0,No
Lavoura,MTAgro,-12.5564,-55.7224,2022-09-14,h12v10,1227.0,2692.0,0.1938,2185.0,0b0000100010001001,0b01,"VI produced, but check other QA",0b0010,Decreasing quality,0b10,Average,0b0,No,0b0,No,0b0,No,0b001,Land (Nothing else but land),0b0,No,0b0,No
Lavoura,MTAgro,-12.5564,-55.7224,2022-09-30,h12v10,1227.0,2692.0,0.2491,2189.0,0b0000100010001101,0b01,"VI produced, but check other QA",0b0011,Decreasing quality,0b10,Average,0b0,No,0b0,No,0b0,No,0b001,Land (Nothing else but land),0b0,No,0b0,No
Lavoura,MTAgro,-12.5564,-55.7224,2022-10-16,h12v10,1227.0,2692.0,0.3161,3226.0,0b0000110010011010,0b10,"Pixel produced, but most probably cloudy",0b0110,Decreasing quality,0b10,Average,0b0,No,0b0,No,0b1,Yes,0b001,Land (Nothing else but land),0b0,No,0b0,No
Lavoura,MTAgro,-12.5564,-55.7224,2022-11-01,h12v10,1227.0,2692.0,0.2551,2185.0,0b0000100010001001,0b01,"VI produced, but check other QA",0b0010,Decreasing quality,0b10,Average,0b0,No,0b0,No,0b0,No,0b001,Land (Nothing else but land),0b0,No,0b0,No
Lavoura,MTAgro,-12.5564,-55.7224,2022-11-17,h12v10,1227.0,2692.0,0.2928,2185.0,0b0000100010001001,0b01,"VI produced, but check other QA",0b0010,Decreasing quality,0b10,Average,0b0,No,0b0,No,0b0,No,0b001,Land (Nothing else but land),0b0,No,0b0,No
Lavoura,MTAgro,-12.5564,-55.7224,2022-12-03,h12v10,1227.0,2692.0,0.2498,3222.0,0b0000110010010110,0b10,"Pixel produced, but most probably cloudy",0b0101,Decreasing quality,0b10,Average,0b0,No,0b0,No,0b1,Yes,0b001,Land (Nothing else but land),0b0,No,0b0,No
Lavoura,MTAgro,-12.5564,-55.7224,2022-12-19,h12v10,1227.0,2692.0,0.388,4114.0,0b0001000000010010,0b10,"Pixel produced, but most probably cloudy",0b0100,Decreasing quality,0b00,Climatology,0b0,No,0b0,No,0b0,No,0b010,Ocean coastlines and lake shorelines,0b0,No,0b0,No
Lavoura,MTAgro,-12.5564,-55.7224,2023-01-01,h12v10,1227.0,2692.0,0.3224,2062.0,0b0000100000001110,0b10,"Pixel produced, but most probably cloudy",0b0011,Decreasing quality,0b00,Climatology,0b0,No,0b0,No,0b0,No,0b001,Land (Nothing else but land),0b0,No,0b0,No
Lavoura,MTAgro,-12.5564,-55.7224,2023-01-17,h12v10,1227.0,2692.0,0.3222,2190.0,0b0000100010001110,0b10,"Pixel produced, but most probably cloudy",0b0011,Decreasing quality,0b10,Average,0b0,No,0b0,No,0b0,No,0b001,Land (Nothing else but land),0b0,No,0b0,No
Lavoura,MTAgro,-12.5564,-55.7224,2023-02-02,h12v10,1227.0,2692.0,0.2575,2185.0,0b0000100010001001,0b01,"VI produced, but check other QA",0b0010,Decreasing quality,0b10,Average,0b0,No,0b0,No,0b0,No,0b001,Land (Nothing else but land),0b0,No,0b0,No
Lavoura,MTAgro,-12.5564,-55.7224,2023-02-18,h12v10,1227.0,2692.0,0.3092,2185.0,0b0000100010001001,0b01,"VI produced, but check other QA",0b0010,Decreasing quality,0b10,Average,0b0,No,0b0,No,0b0,No,0b001,Land (Nothing else but land),0b0,No,0b0,No
Lavoura,MTAgro,-12.5564,-55.7224,2023-03-06,h12v10,1227.0,2692.0,0.2652,2066.0,0b0000100000010010,0b10,"Pixel produced, but most probably cloudy",0b0100,Decreasing quality,0b00,Climatology,0b0,No,0b0,No,0b0,No,0b001,Land (Nothing else but land),0b0,No,0b0,No
Lavoura,MTAgro,-12.5564,-55.7224,2023-03-22,h12v10,1227.0,2692.0,0.3005,2185.0,0b0000100010001001,0b01,"VI produced, but check other QA",0b0010,Decreasing quality,0b10,Average,0b0,No,0b0,No,0b0,No,0b001,Land (Nothing else but land),0b0,No,0b0,No
Lavoura,MTAgro,-12.5564,-55.7224,2023-04-07,h12v10,1227.0,2692.0,0.3116,2185.0,0b0000100010001001,0b01,"VI produced, but check other QA",0b0010,Decreasing quality,0b10,Average,0b0,No,0b0,No,0b0,No,0b001,Land (Nothing else but land),0b0,No,0b0,No
Lavoura,MTAgro,-12.5564,-55.7224,2023-04-23,h12v10,1227.0,2692.0,0.3183,2116.0,0b0000100001000100,0b00,VI produced with good quality,0b0001,Lower quality,0b01,Low,0b0,No,0b0,No,0b0,No,0b001,Land (Nothing else but land),0b0,No,0b0,No
Lavoura,MTAgro,-12.5564,-55.7224,2023-05-09,h12v10,1227.0,2692.0,0.3126,2116.0,0b0000100001000100,0b00,VI produced with good quality,0b0001,Lower quality,0b01,Low,0b0,No,0b0,No,0b0,No,0b001,Land (Nothing else but land),0b0,No,0b0,No
Lavoura,MTAgro,-12.5564,-55.7224,2023-05-25,h12v10,1227.0,2692.0,0.2261,2116.0,0b0000100001000100,0b00,VI produced with good quality,0b0001,Lower quality,0b01,Low,0b0,No,0b0,No,0b0,No,0b001,Land (Nothing else but land),0b0,No,0b0,No
Lavoura,MTAgro,-12.5564,-55.7224,2023-06-10,h12v10,1227.0,2692.0,0.256,2116.0,0b0000100001000100,0b00,VI produced with good quality,0b0001,Lower quality,0b01,Low,0b0,No,0b0,No,0b0,No,0b001,Land (Nothing else but land),0b0,No,0b0,No
Lavoura,MTAgro,-12.5564,-55.7224,2023-06-26,h12v10,1227.0,2692.0,0.259,2185.0,0b0000100010001001,0b01,"VI produced, but check other QA",0b0010,Decreasing quality,0b10,Average,0b0,No,0b0,No,0b0,No,0b001,Land (Nothing else but land),0b0,No,0b0,No
Lavoura,MTAgro,-12.5564,-55.7224,2023-07-12,h12v10,1227.0,2692.0,0.2379,2116.0,0b0000100001000100,0b00,VI produced with good quality,0b0001,Lower quality,0b01,Low,0b0,No,0b0,No,0b0,No,0b001,Land (Nothing else but land),0b0,No,0b0,No
Lavoura,MTAgro,-12.5564,-55.7224,2023-07-28,h12v10,1227.0,2692.0,0.2009,2116.0,0b0000100001000100,0b00,VI produced with good quality,0b0001,Lower quality,0b01,Low,0b0,No,0b0,No,0b0,No,0b001,Land (Nothing else but land),0b0,No,0b0,No
Lavoura,MTAgro,-12.5564,-55.7224,2023-08-13,h12v10,1227.0,2692.0,0.2115,2185.0,0b0000100010001001,0b01,"VI produced, but check other QA",0b0010,Decreasing quality,0b10,Average,0b0,No,0b0,No,0b0,No,0b001,Land (Nothing else but land),0b0,No,0b0,No
Lavoura,MTAgro,-12.5564,-55.7224,2023-08-29,h12v10,1227.0,2692.0,0.2493,2189.0,0b0000100010001101,0b01,"VI produced, but check other QA",0b0011,Decreasing quality,0b10,Average,0b0,No,0b0,No,0b0,No,0b001,Land (Nothing else but land),0b0,No,0b0,No
Lavoura,MTAgro,-12.5564,-55.7224,2023-09-14,h12v10,1227.0,2692.0,0.2184,2185.0,0b0000100010001001,0b01,"VI produced, but check other QA",0b0010,Decreasing quality,0b10,Average,0b0,No,0b0,No,0b0,No,0b001,Land (Nothing else but land),0b0,No,0b0,No
Lavoura,MTAgro,-12.5564,-55.7224,2023-09-30,h12v10,1227.0,2692.0,0.2397,2185.0,0b0000100010001001,0b01,"VI produced, but check other QA",0b0010,Decreasing quality,0b10,Average,0b0,No,0b0,No,0b0,No,0b001,Land (Nothing else but land),0b0,No,0b0,No
Lavoura,MTAgro,-12.5564,-55.7224,2023-10-16,h12v10,1227.0,2692.0,0.1769,2185.0,0b0000100010001001,0b01,"VI produced, but check other QA",0b0010,Decreasing quality,0b10,Average,0b0,No,0b0,No,0b0,No,0b001,Land (Nothing else but land),0b0,No,0b0,No
Lavoura,MTAgro,-12.5564,-55.7224,2023-11-01,h12v10,1227.0,2692.0,0.2586,2185.0,0b0000100010001001,0b01,"VI produced, but check other QA",0b0010,Decreasing quality,0b10,Average,0b0,No,0b0,No,0b0,No,0b001,Land (Nothing else but land),0b0,No,0b0,No
Lavoura,MTAgro,-12.5564,-55.7224,2023-11-17,h12v10,1227.0,2692.0,0.2158,2185.0,0b0000100010001001,0b01,"VI produced, but check other QA",0b0010,Decreasing quality,0b10,Average,0b0,No,0b0,No,0b0,No,0b001,Land (Nothing else but land),0b0,No,0b0,No
Lavoura,MTAgro,-12.5564,-55.7224,2023-12-03,h12v10,1227.0,2692.0,0.2823,2185.0,0b0000100010001001,0b01,"VI produced, but check other QA",0b0010,Decreasing quality,0b10,Average,0b0,No,0b0,No,0b0,No,0b001,Land (Nothing else but land),0b0,No,0b0,No
Lavoura,MTAgro,-12.5564,-55.7224,2023-12-19,h12v10,1227.0,2692.0,0.2505,2185.0,0b0000100010001001,0b01,"VI produced, but check other QA",0b0010,Decreasing quality,0b10,Average,0b0,No,0b0,No,0b0,No,0b001,Land (Nothing else but land),0b0,No,0b0,No
Lavoura,MTAgro,-12.5564,-55.7224,2024-01-01,h12v10,1227.0,2692.0,0.2701,2185.0,0b0000100010001001,0b01,"VI produced, but check other QA",0b0010,Decreasing quality,0b10,Average,0b0,No,0b0,No,0b0,No,0b001,Land (Nothing else but land),0b0,No,0b0,No
Lavoura,MTAgro,-12.5564,-55.7224,2024-01-17,h12v10,1227.0,2692.0,0.3387,2185.0,0b0000100010001001,0b01,"VI produced, but check other QA",0b0010,Decreasing quality,0b10,Average,0b0,No,0b0,No,0b0,No,0b001,Land (Nothing else but land),0b0,No,0b0,No
Lavoura,MTAgro,-12.5564,-55.7224,2024-02-02,h12v10,1227.0,2692.0,0.2582,2190.0,0b0000100010001110,0b10,"Pixel produced, but most probably cloudy",0b0011,Decreasing quality,0b10,Average,0b0,No,0b0,No,0b0,No,0b001,Land (Nothing else but land),0b0,No,0b0,No
Lavoura,MTAgro,-12.5564,-55.7224,2024-02-18,h12v10,1227.0,2692.0,0.3032,2185.0,0b0000100010001001,0b01,"VI produced, but check other QA",0b0010,Decreasing quality,0b10,Average,0b0,No,0b0,No,0b0,No,0b001,Land (Nothing else but land),0b0,No,0b0,No
Lavoura,MTAgro,-12.5564,-55.7224,2024-03-05,h12v10,1227.0,2692.0,0.3167,2062.0,0b0000100000001110,0b10,"Pixel produced, but most probably cloudy",0b0011,Decreasing quality,0b00,Climatology,0b0,No,0b0,No,0b0,No,0b001,Land (Nothing else but land),0b0,No,0b0,No
Lavoura,MTAgro,-12.5564,-55.7224,2024-03-21,h12v10,1227.0,2692.0,0.2246,2445.0,0b0000100110001101,0b01,"VI produced, but check other QA",0b0011,Decreasing quality,0b10,Average,0b1,Yes,0b0,No,0b0,No,0b001,Land (Nothing else but land),0b0,No,0b0,No
Lavoura,MTAgro,-12.5564,-55.7224,2024-04-06,h12v10,1227.0,2692.0,0.3041,2185.0,0b0000100010001001,0b01,"VI produced, but check other QA",0b0010,Decreasing quality,0b10,Average,0b0,No,0b0,No,0b0,No,0b001,Land (Nothing else but land),0b0,No,0b0,No
Lavoura,MTAgro,-12.5564,-55.7224,2024-04-22,h12v10,1227.0,2692.0,0.2932,2185.0,0b0000100010001001,0b01,"VI produced, but check other QA",0b0010,Decreasing quality,0b10,Average,0b0,No,0b0,No,0b0,No,0b001,Land (Nothing else but land),0b0,No,0b0,No
Lavoura,MTAgro,-12.5564,-55.7224,2024-05-08,h12v10,1227.0,2692.0,0.3047,2116.0,0b0000100001000100,0b00,VI produced with good quality,0b0001,Lower quality,0b01,Low,0b0,No,0b0,No,0b0,No,0b001,Land (Nothing else but land),0b0,No,0b0,No
Lavoura,MTAgro,-12.5564,-55.7224,2024-05-24,h12v10,1227.0,2692.0,0.2643,2185.0,0b0000100010001001,0b01,"VI produced, but check other QA",0b0010,Decreasing quality,0b10,Average,0b0,No,0b0,No,0b0,No,0b001,Land (Nothing else but land),0b0,No,0b0,No
Lavoura,MTAgro,-12.5564,-55.7224,2024-06-09,h12v10,1227.0,2692.0,0.2239,2116.0,0b0000100001000100,0b00,VI produced with good quality,0b0001,Lower quality,0b01,Low,0b0,No,0b0,No,0b0,No,0b001,Land (Nothing else but land),0b0,No,0b0,No
Lavoura,MTAgro,-12.5564,-55.7224,2024-06-25,h12v10,1227.0,2692.0,0.2217,2116.0,0b0000100001000100,0b00,VI produced with good quality,0b0001,Lower quality,0b01,Low,0b0,No,0b0,No,0b0,No,0b001,Land (Nothing else but land),0b0,No,0b0,No
Lavoura,MTAgro,-12.5564,-55.7224,2024-07-11,h12v10,1227.0,2692.0,0.1742,2116.0,0b0000100001000100,0b00,VI produced with good quality,0b0001,Lower quality,0b01,Low,0b0,No,0b0,No,0b0,No,0b001,Land (Nothing else but land),0b0,No,0b0,No
Lavoura,MTAgro,-12.5564,-55.7224,2024-07-27,h12v10,1227.0,2692.0,0.1894,2185.0,0b0000100010001001,0b01,"VI produced, but check other QA",0b0010,Decreasing quality,0b10,Average,0b0,No,0b0,No,0b0,No,0b001,Land (Nothing else but land),0b0,No,0b0,No
Lavoura,MTAgro,-12.5564,-55.7224,2024-08-12,h12v10,1227.0,2692.0,0.1936,2116.0,0b0000100001000100,0b00,VI produced with good quality,0b0001,Lower quality,0b01,Low,0b0,No,0b0,No,0b0,No,0b001,Land (Nothing else but land),0b0,No,0b0,No
Lavoura,MTAgro,-12.5564,-55.7224,2024-08-28,h12v10,1227.0,2692.0,0.2134,2185.0,0b0000100010001001,0b01,"VI produced, but check other QA",0b0010,Decreasing quality,0b10,Average,0b0,No,0b0,No,0b0,No,0b001,Land (Nothing else but land),0b0,No,0b0,No
Lavoura,MTAgro,-12.5564,-55.7224,2024-09-13,h12v10,1227.0,2692.0,0.2332,2257.0,0b0000100011010001,0b01,"VI produced, but check other QA",0b0100,Decreasing quality,0b11,High,0b0,No,0b0,No,0b0,No,0b001,Land (Nothing else but land),0b0,No,0b0,No
Lavoura,MTAgro,-12.5564,-55.7224,2024-09-29,h12v10,1227.0,2692.0,0.206,2257.0,0b0000100011010001,0b01,"VI produced, but check other QA",0b0100,Decreasing quality,0b11,High,0b0,No,0b0,No,0b0,No,0b001,Land (Nothing else but land),0b0,No,0b0,No
Lavoura,MTAgro,-12.5564,-55.7224,2024-10-15,h12v10,1227.0,2692.0,0.2043,2185.0,0b0000100010001001,0b01,"VI produced, but check other QA",0b0010,Decreasing quality,0b10,Average,0b0,No,0b0,No,0b0,No,0b001,Land (Nothing else but land),0b0,No,0b0,No
Lavoura,MTAgro,-12.5564,-55.7224,2024-10-31,h12v10,1227.0,2692.0,0.2267,2062.0,0b0000100000001110,0b10,"Pixel produced, but most probably cloudy",0b0011,Decreasing quality,0b00,Climatology,0b0,No,0b0,No,0b0,No,0b001,Land (Nothing else but land),0b0,No,0b0,No
Lavoura,MTAgro,-12.5564,-55.7224,2024-11-16,h12v10,1227.0,2692.0,0.4359,35298.0,0b1000100111100010,0b10,"Pixel produced, but most probably cloudy",0b1000,Decreasing quality,0b11,High,0b1,Yes,0b0,No,0b0,No,0b001,Land (Nothing else but land),0b0,No,0b1,Yes
Lavoura,MTAgro,-12.5564,-55.7224,2024-12-02,h12v10,1227.0,2692.0,0.2535,2062.0,0b0000100000001110,0b10,"Pixel produced, but most probably cloudy",0b0011,Decreasing quality,0b00,Climatology,0b0,No,0b0,No,0b0,No,0b001,Land (Nothing else but land),0b0,No,0b0,No
Lavoura,MTAgro,-12.5564,-55.7224,2024-12-18,h12v10,1227.0,2692.0,0.4198,35294.0,0b1000100111011110,0b10,"Pixel produced, but most probably cloudy",0b0111,Decreasing quality,0b11,High,0b1,Yes,0b0,No,0b0,No,0b001,Land (Nothing else but land),0b0,No,0b1,Yes
Lavoura,MTAgro,-12.5564,-55.7224,2025-01-01,h12v10,1227.0,2692.0,0.2965,36258.0,0b1000110110100010,0b10,"Pixel produced, but most probably cloudy",0b1000,Decreasing quality,0b10,Average,0b1,Yes,0b0,No,0b1,Yes,0b001,Land (Nothing else but land),0b0,No,0b1,Yes
Lavoura,MTAgro,-12.5564,-55.7224,2025-01-17,h12v10,1227.0,2692.0,0.3077,2185.0,0b0000100010001001,0b01,"VI produced, but check other QA",0b0010,Decreasing quality,0b10,Average,0b0,No,0b0,No,0b0,No,0b001,Land (Nothing else but land),0b0,No,0b0,No
Lavoura,MTAgro,-12.5564,-55.7224,2025-02-02,h12v10,1227.0,2692.0,0.302,3298.0,0b0000110011100010,0b10,"Pixel produced, but most probably cloudy",0b1000,Decreasing quality,0b11,High,0b0,No,0b0,No,0b1,Yes,0b001,Land (Nothing else but land),0b0,No,0b0,No
Lavoura,MTAgro,-12.5564,-55.7224,2025-02-18,h12v10,1227.0,2692.0,0.3306,2185.0,0b0000100010001001,0b01,"VI produced, but check other QA",0b0010,Decreasing quality,0b10,Average,0b0,No,0b0,No,0b0,No,0b001,Land (Nothing else but land),0b0,No,0b0,No
Lavoura,MTAgro,-12.5564,-55.7224,2025-03-06,h12v10,1227.0,2692.0,0.3278,2116.0,0b0000100001000100,0b00,VI produced with good quality,0b0001,Lower quality,0b01,Low,0b0,No,0b0,No,0b0,No,0b001,Land (Nothing else but land),0b0,No,0b0,No
Lavoura,MTAgro,-12.5564,-55.7224,2025-03-22,h12v10,1227.0,2692.0,0.3271,3298.0,0b0000110011100010,0b10,"Pixel produced, but most probably cloudy",0b1000,Decreasing quality,0b11,High,0b0,No,0b0,No,0b1,Yes,0b001,Land (Nothing else but land),0b0,No,0b0,No
Lavoura,MTAgro,-12.5564,-55.7224,2025-04-07,h12v10,1227.0,2692.0,0.3677,2262.0,0b0000100011010110,0b10,"Pixel produced, but most probably cloudy",0b0101,Decreasing quality,0b11,High,0b0,No,0b0,No,0b0,No,0b001,Land (Nothing else but land),0b0,No,0b0,No
Lavoura,MTAgro,-12.5564,-55.7224,2025-04-23,h12v10,1227.0,2692.0,0.2682,2185.0,0b0000100010001001,0b01,"VI produced, but check other QA",0b0010,Decreasing quality,0b10,Average,0b0,No,0b0,No,0b0,No,0b001,Land (Nothing else but land),0b0,No,0b0,No
Lavoura,MTAgro,-12.5564,-55.7224,2025-05-09,h12v10,1227.0,2692.0,0.2639,2185.0,0b0000100010001001,0b01,"VI produced, but check other QA",0b0010,Decreasing quality,0b10,Average,0b0,No,0b0,No,0b0,No,0b001,Land (Nothing else but land),0b0,No,0b0,No
Lavoura,MTAgro,-12.5564,-55.7224,2025-05-25,h12v10,1227.0,2692.0,0.2493,2116.0,0b0000100001000100,0b00,VI produced with good quality,0b0001,Lower quality,0b01,Low,0b0,No,0b0,No,0b0,No,0b001,Land (Nothing else but land),0b0,No,0b0,No
Lavoura,MTAgro,-12.5564,-55.7224,2025-06-10,h12v10,1227.0,2692.0,0.2688,2116.0,0b0000100001000100,0b00,VI produced with good quality,0b0001,Lower quality,0b01,Low,0b0,No,0b0,No,0b0,No,0b001,Land (Nothing else but land),0b0,No,0b0,No
Lavoura,MTAgro,-12.5564,-55.7224,2025-06-26,h12v10,1227.0,2692.0,0.1878,2116.0,0b0000100001000100,0b00,VI produced with good quality,0b0001,Lower quality,0b01,Low,0b0,No,0b0,No,0b0,No,0b001,Land (Nothing else but land),0b0,No,0b0,No
Lavoura,MTAgro,-12.5564,-55.7224,2025-07-12,h12v10,1227.0,2692.0,0.1925,2116.0,0b0000100001000100,0b00,VI produced with good quality,0b0001,Lower quality,0b01,Low,0b0,No,0b0,No,0b0,No,0b001,Land (Nothing else but land),0b0,No,0b0,No
Lavoura,MTAgro,-12.5564,-55.7224,2025-07-28,h12v10,1227.0,2692.0,0.2909,2185.0,0b0000100010001001,0b01,"VI produced, but check other QA",0b0010,Decreasing quality,0b10,Average,0b0,No,0b0,No,0b0,No,0b001,Land (Nothing else but land),0b0,No,0b0,No
Lavoura,MTAgro,-12.5564,-55.7224,2025-08-13,h12v10,1227.0,2692.0,0.1684,2116.0,0b0000100001000100,0b00,VI produced with good quality,0b0001,Lower quality,0b01,Low,0b0,No,0b0,No,0b0,No,0b001,Land (Nothing else but land),0b0,No,0b0,No
Lavoura,MTAgro,-12.5564,-55.7224,2025-08-29,h12v10,1227.0,2692.0,0.2045,2185.0,0b0000100010001001,0b01,"VI produced, but check other QA",0b0010,Decreasing quality,0b10,Average,0b0,No,0b0,No,0b0,No,0b001,Land (Nothing else but land),0b0,No,0b0,No
Lavoura,MTAgro,-12.5564,-55.7224,2025-09-14,h12v10,1227.0,2692.0,0.2336,2185.0,0b0000100010001001,0b01,"VI produced, but check other QA",0b0010,Decreasing quality,0b10,Average,0b0,No,0b0,No,0b0,No,0b001,Land (Nothing else but land),0b0,No,0b0,No
Lavoura,MTAgro,-12.5564,-55.7224,2025-09-30,h12v10,1227.0,2692.0,0.2441,2185.0,0b0000100010001001,0b01,"VI produced, but check other QA",0b0010,Decreasing quality,0b10,Average,0b0,No,0b0,No,0b0,No,0b001,Land (Nothing else but land),0b0,No,0b0,No
Lavoura,MTAgro,-12.5564,-55.7224,2025-10-16,h12v10,1227.0,2692.0,0.2803,2185.0,0b0000100010001001,0b01,"VI produced, but check other QA",0b0010,Decreasing quality,0b10,Average,0b0,No,0b0,No,0b0,No,0b001,Land (Nothing else but land),0b0,No,0b0,No
Lavoura,MTAgro,-12.5564,-55.7224,2025-11-01,h12v10,1227.0,2692.0,0.2929,2185.0,0b0000100010001001,0b01,"VI produced, but check other QA",0b0010,Decreasing quality,0b10,Average,0b0,No,0b0,No,0b0,No,0b001,Land (Nothing else but land),0b0,No,0b0,No
Lavoura,MTAgro,-12.5564,-55.7224,2025-11-17,h12v10,1227.0,2692.0,0.3211,36074.0,0b1000110011101010,0b10,"Pixel produced, but most probably cloudy",0b1010,Decreasing quality,0b11,High,0b0,No,0b0,No,0b1,Yes,0b001,Land (Nothing else but land),0b0,No,0b1,Yes
Lavoura,MTAgro,-12.5564,-55.7224,2025-12-03,h12v10,1227.0,2692.0,0.2748,2062.0,0b0000100000001110,0b10,"Pixel produced, but most probably cloudy",0b0011,Decreasing quality,0b00,Climatology,0b0,No,0b0,No,0b0,No,0b001,Land (Nothing else but land),0b0,No,0b0,No
Lavoura,MTAgro,-12.5564,-55.7224,2025-12-19,h12v10,1227.0,2692.0,0.2899,3222.0,0b0000110010010110,0b10,"Pixel produced, but most probably cloudy",0b0101,Decreasing quality,0b10,Average,0b0,No,0b0,No,0b1,Yes,0b001,Land (Nothing else but land),0b0,No,0b0,No
